api_name,english_name,english_description,target_name,target_description,translation_notes
FINISH_ALL,Campaign Master,Finish all campaigns,战役大师,完成所有战役,术语取自游戏内官方简中（萌娘百科词条并列了英文原名）：战役名 介绍/冒险/挑战/王朝/文艺复兴/海盗/亡灵/模拟/狂野西部/遗产/魔幻善/魔幻恶；派系 部落/农民/中世纪/古代/维京/海盗/亡灵/狂野西部/遗产/魔幻善/魔幻恶/隐藏；兵种 棒槌手、投石车、气球弓箭手、死神、火厢车、树巨人、猛犸、骑士、吸血鬼、坦克、宙斯、雷神、火枪手、治疗师、冰霜巨人、快枪手。
FINISH_THE_INTRODUCTION,Beginner clubber,Finish The Introduction campaign,新手棒槌手,完成「介绍」战役,术语取自游戏内官方简中（萌娘百科词条并列了英文原名）：战役名 介绍/冒险/挑战/王朝/文艺复兴/海盗/亡灵/模拟/狂野西部/遗产/魔幻善/魔幻恶；派系 部落/农民/中世纪/古代/维京/海盗/亡灵/狂野西部/遗产/魔幻善/魔幻恶/隐藏；兵种 棒槌手、投石车、气球弓箭手、死神、火厢车、树巨人、猛犸、骑士、吸血鬼、坦克、宙斯、雷神、火枪手、治疗师、冰霜巨人、快枪手。
FINISH_THE_ADVENTURE,Adventurer,Finish The Adventure campaign,冒险家,完成「冒险」战役,术语取自游戏内官方简中（萌娘百科词条并列了英文原名）：战役名 介绍/冒险/挑战/王朝/文艺复兴/海盗/亡灵/模拟/狂野西部/遗产/魔幻善/魔幻恶；派系 部落/农民/中世纪/古代/维京/海盗/亡灵/狂野西部/遗产/魔幻善/魔幻恶/隐藏；兵种 棒槌手、投石车、气球弓箭手、死神、火厢车、树巨人、猛犸、骑士、吸血鬼、坦克、宙斯、雷神、火枪手、治疗师、冰霜巨人、快枪手。
FINISH_THE_CHALLENGE,More Challenging than you think,Finish The Challenge campaign,比你想的更难缠,完成「挑战」战役,术语取自游戏内官方简中（萌娘百科词条并列了英文原名）：战役名 介绍/冒险/挑战/王朝/文艺复兴/海盗/亡灵/模拟/狂野西部/遗产/魔幻善/魔幻恶；派系 部落/农民/中世纪/古代/维京/海盗/亡灵/狂野西部/遗产/魔幻善/魔幻恶/隐藏；兵种 棒槌手、投石车、气球弓箭手、死神、火厢车、树巨人、猛犸、骑士、吸血鬼、坦克、宙斯、雷神、火枪手、治疗师、冰霜巨人、快枪手。
FINISH_DYNASTY,Kung Fu Master,Finish Dynasty campaign,功夫大师,完成「王朝」战役,术语取自游戏内官方简中（萌娘百科词条并列了英文原名）：战役名 介绍/冒险/挑战/王朝/文艺复兴/海盗/亡灵/模拟/狂野西部/遗产/魔幻善/魔幻恶；派系 部落/农民/中世纪/古代/维京/海盗/亡灵/狂野西部/遗产/魔幻善/魔幻恶/隐藏；兵种 棒槌手、投石车、气球弓箭手、死神、火厢车、树巨人、猛犸、骑士、吸血鬼、坦克、宙斯、雷神、火枪手、治疗师、冰霜巨人、快枪手。
FINISH_RENAISSANCE,Mona Lisa look at me!,Finish Renaissance campaign,蒙娜丽莎看我！,完成「文艺复兴」战役,术语取自游戏内官方简中（萌娘百科词条并列了英文原名）：战役名 介绍/冒险/挑战/王朝/文艺复兴/海盗/亡灵/模拟/狂野西部/遗产/魔幻善/魔幻恶；派系 部落/农民/中世纪/古代/维京/海盗/亡灵/狂野西部/遗产/魔幻善/魔幻恶/隐藏；兵种 棒槌手、投石车、气球弓箭手、死神、火厢车、树巨人、猛犸、骑士、吸血鬼、坦克、宙斯、雷神、火枪手、治疗师、冰霜巨人、快枪手。
FINISH_PIRATE,Parlay!!!,Finish Pirate campaign,谈判！！！,完成「海盗」战役,术语取自游戏内官方简中（萌娘百科词条并列了英文原名）：战役名 介绍/冒险/挑战/王朝/文艺复兴/海盗/亡灵/模拟/狂野西部/遗产/魔幻善/魔幻恶；派系 部落/农民/中世纪/古代/维京/海盗/亡灵/狂野西部/遗产/魔幻善/魔幻恶/隐藏；兵种 棒槌手、投石车、气球弓箭手、死神、火厢车、树巨人、猛犸、骑士、吸血鬼、坦克、宙斯、雷神、火枪手、治疗师、冰霜巨人、快枪手。 原文 Parlay 是《加勒比海盗》里的“谈判”梗。
FINISH_SPOOKY,Halloween party,Finish Spooky campaign,万圣节派对,完成「亡灵」战役,术语取自游戏内官方简中（萌娘百科词条并列了英文原名）：战役名 介绍/冒险/挑战/王朝/文艺复兴/海盗/亡灵/模拟/狂野西部/遗产/魔幻善/魔幻恶；派系 部落/农民/中世纪/古代/维京/海盗/亡灵/狂野西部/遗产/魔幻善/魔幻恶/隐藏；兵种 棒槌手、投石车、气球弓箭手、死神、火厢车、树巨人、猛犸、骑士、吸血鬼、坦克、宙斯、雷神、火枪手、治疗师、冰霜巨人、快枪手。
FINISH_SIMULATION,Improvise and win!,Finish Simulation campaign,即兴发挥也能赢！,完成「模拟」战役,术语取自游戏内官方简中（萌娘百科词条并列了英文原名）：战役名 介绍/冒险/挑战/王朝/文艺复兴/海盗/亡灵/模拟/狂野西部/遗产/魔幻善/魔幻恶；派系 部落/农民/中世纪/古代/维京/海盗/亡灵/狂野西部/遗产/魔幻善/魔幻恶/隐藏；兵种 棒槌手、投石车、气球弓箭手、死神、火厢车、树巨人、猛犸、骑士、吸血鬼、坦克、宙斯、雷神、火枪手、治疗师、冰霜巨人、快枪手。
FINISH_WILD_WEST,Bullets in the Saloon,Finish Wild West campaign,酒馆里的子弹,完成「狂野西部」战役,术语取自游戏内官方简中（萌娘百科词条并列了英文原名）：战役名 介绍/冒险/挑战/王朝/文艺复兴/海盗/亡灵/模拟/狂野西部/遗产/魔幻善/魔幻恶；派系 部落/农民/中世纪/古代/维京/海盗/亡灵/狂野西部/遗产/魔幻善/魔幻恶/隐藏；兵种 棒槌手、投石车、气球弓箭手、死神、火厢车、树巨人、猛犸、骑士、吸血鬼、坦克、宙斯、雷神、火枪手、治疗师、冰霜巨人、快枪手。
FINISH_LEGACY,Thunders and bombs are awesome!,Finish Legacy campaign,雷霆与炸弹太带劲了！,完成「遗产」战役,术语取自游戏内官方简中（萌娘百科词条并列了英文原名）：战役名 介绍/冒险/挑战/王朝/文艺复兴/海盗/亡灵/模拟/狂野西部/遗产/魔幻善/魔幻恶；派系 部落/农民/中世纪/古代/维京/海盗/亡灵/狂野西部/遗产/魔幻善/魔幻恶/隐藏；兵种 棒槌手、投石车、气球弓箭手、死神、火厢车、树巨人、猛犸、骑士、吸血鬼、坦克、宙斯、雷神、火枪手、治疗师、冰霜巨人、快枪手。
FINISH_FANTASY_GOOD,Good always wins!,Finish Fantasy Good campaign,正义必胜！,完成「魔幻善」战役,术语取自游戏内官方简中（萌娘百科词条并列了英文原名）：战役名 介绍/冒险/挑战/王朝/文艺复兴/海盗/亡灵/模拟/狂野西部/遗产/魔幻善/魔幻恶；派系 部落/农民/中世纪/古代/维京/海盗/亡灵/狂野西部/遗产/魔幻善/魔幻恶/隐藏；兵种 棒槌手、投石车、气球弓箭手、死神、火厢车、树巨人、猛犸、骑士、吸血鬼、坦克、宙斯、雷神、火枪手、治疗师、冰霜巨人、快枪手。
FINISH_FANTASY_EVIL,That Evil plan worked!,Finish Fantasy Evil campaign,邪恶的计划奏效了！,完成「魔幻恶」战役,术语取自游戏内官方简中（萌娘百科词条并列了英文原名）：战役名 介绍/冒险/挑战/王朝/文艺复兴/海盗/亡灵/模拟/狂野西部/遗产/魔幻善/魔幻恶；派系 部落/农民/中世纪/古代/维京/海盗/亡灵/狂野西部/遗产/魔幻善/魔幻恶/隐藏；兵种 棒槌手、投石车、气球弓箭手、死神、火厢车、树巨人、猛犸、骑士、吸血鬼、坦克、宙斯、雷神、火枪手、治疗师、冰霜巨人、快枪手。
UNLOCKED_ALL_SECRET,Secret Agent,Find all Secret Units,特工,找到所有隐藏兵种,术语取自游戏内官方简中（萌娘百科词条并列了英文原名）：战役名 介绍/冒险/挑战/王朝/文艺复兴/海盗/亡灵/模拟/狂野西部/遗产/魔幻善/魔幻恶；派系 部落/农民/中世纪/古代/维京/海盗/亡灵/狂野西部/遗产/魔幻善/魔幻恶/隐藏；兵种 棒槌手、投石车、气球弓箭手、死神、火厢车、树巨人、猛犸、骑士、吸血鬼、坦克、宙斯、雷神、火枪手、治疗师、冰霜巨人、快枪手。
UNLOCKED_ALL_LEGACY,Legacy campaign. Hooray!,Find all hidden units in the Legacy map,遗产战役，万岁！,在「遗产」地图中找到所有隐藏兵种,术语取自游戏内官方简中（萌娘百科词条并列了英文原名）：战役名 介绍/冒险/挑战/王朝/文艺复兴/海盗/亡灵/模拟/狂野西部/遗产/魔幻善/魔幻恶；派系 部落/农民/中世纪/古代/维京/海盗/亡灵/狂野西部/遗产/魔幻善/魔幻恶/隐藏；兵种 棒槌手、投石车、气球弓箭手、死神、火厢车、树巨人、猛犸、骑士、吸血鬼、坦克、宙斯、雷神、火枪手、治疗师、冰霜巨人、快枪手。
FINISH_THE_INTRODUCTION_NO_DEFEAT,No need of Introduction,Finish The Introduction campaign without being defeated even once,无需介绍,一次未败完成「介绍」战役,术语取自游戏内官方简中（萌娘百科词条并列了英文原名）：战役名 介绍/冒险/挑战/王朝/文艺复兴/海盗/亡灵/模拟/狂野西部/遗产/魔幻善/魔幻恶；派系 部落/农民/中世纪/古代/维京/海盗/亡灵/狂野西部/遗产/魔幻善/魔幻恶/隐藏；兵种 棒槌手、投石车、气球弓箭手、死神、火厢车、树巨人、猛犸、骑士、吸血鬼、坦克、宙斯、雷神、火枪手、治疗师、冰霜巨人、快枪手。
FINISH_THE_ADVENTURE_NO_DEFEAT,Indiana Jones!?,Finish The Adventure campaign without being defeated even once,印第安纳·琼斯！？,一次未败完成「冒险」战役,术语取自游戏内官方简中（萌娘百科词条并列了英文原名）：战役名 介绍/冒险/挑战/王朝/文艺复兴/海盗/亡灵/模拟/狂野西部/遗产/魔幻善/魔幻恶；派系 部落/农民/中世纪/古代/维京/海盗/亡灵/狂野西部/遗产/魔幻善/魔幻恶/隐藏；兵种 棒槌手、投石车、气球弓箭手、死神、火厢车、树巨人、猛犸、骑士、吸血鬼、坦克、宙斯、雷神、火枪手、治疗师、冰霜巨人、快枪手。
FINISH_THE_CHALLENGE_NO_DEFEAT,Checkmate,Finish The Challenge campaign without being defeated even once,将死,一次未败完成「挑战」战役,术语取自游戏内官方简中（萌娘百科词条并列了英文原名）：战役名 介绍/冒险/挑战/王朝/文艺复兴/海盗/亡灵/模拟/狂野西部/遗产/魔幻善/魔幻恶；派系 部落/农民/中世纪/古代/维京/海盗/亡灵/狂野西部/遗产/魔幻善/魔幻恶/隐藏；兵种 棒槌手、投石车、气球弓箭手、死神、火厢车、树巨人、猛犸、骑士、吸血鬼、坦克、宙斯、雷神、火枪手、治疗师、冰霜巨人、快枪手。
FINISH_DYNASTY_NO_DEFEAT,Shogun Sensei,Finish Dynasty campaign without being defeated even once,将军师父,一次未败完成「王朝」战役,术语取自游戏内官方简中（萌娘百科词条并列了英文原名）：战役名 介绍/冒险/挑战/王朝/文艺复兴/海盗/亡灵/模拟/狂野西部/遗产/魔幻善/魔幻恶；派系 部落/农民/中世纪/古代/维京/海盗/亡灵/狂野西部/遗产/魔幻善/魔幻恶/隐藏；兵种 棒槌手、投石车、气球弓箭手、死神、火厢车、树巨人、猛犸、骑士、吸血鬼、坦克、宙斯、雷神、火枪手、治疗师、冰霜巨人、快枪手。
FINISH_RENAISSANCE_NO_DEFEAT,Da Vinci Mastermind,Finish Renaissance campaign without being defeated even once,达芬奇天才,一次未败完成「文艺复兴」战役,术语取自游戏内官方简中（萌娘百科词条并列了英文原名）：战役名 介绍/冒险/挑战/王朝/文艺复兴/海盗/亡灵/模拟/狂野西部/遗产/魔幻善/魔幻恶；派系 部落/农民/中世纪/古代/维京/海盗/亡灵/狂野西部/遗产/魔幻善/魔幻恶/隐藏；兵种 棒槌手、投石车、气球弓箭手、死神、火厢车、树巨人、猛犸、骑士、吸血鬼、坦克、宙斯、雷神、火枪手、治疗师、冰霜巨人、快枪手。
FINISH_PIRATE_NO_DEFEAT,Blackbeard on board,Finish Pirate campaign without being defeated even once,黑胡子登场,一次未败完成「海盗」战役,术语取自游戏内官方简中（萌娘百科词条并列了英文原名）：战役名 介绍/冒险/挑战/王朝/文艺复兴/海盗/亡灵/模拟/狂野西部/遗产/魔幻善/魔幻恶；派系 部落/农民/中世纪/古代/维京/海盗/亡灵/狂野西部/遗产/魔幻善/魔幻恶/隐藏；兵种 棒槌手、投石车、气球弓箭手、死神、火厢车、树巨人、猛犸、骑士、吸血鬼、坦克、宙斯、雷神、火枪手、治疗师、冰霜巨人、快枪手。
FINISH_SPOOKY_NO_DEFEAT,Not afraid of the dark!!,Finish Spooky campaign without being defeated even once,才不怕黑！！,一次未败完成「亡灵」战役,术语取自游戏内官方简中（萌娘百科词条并列了英文原名）：战役名 介绍/冒险/挑战/王朝/文艺复兴/海盗/亡灵/模拟/狂野西部/遗产/魔幻善/魔幻恶；派系 部落/农民/中世纪/古代/维京/海盗/亡灵/狂野西部/遗产/魔幻善/魔幻恶/隐藏；兵种 棒槌手、投石车、气球弓箭手、死神、火厢车、树巨人、猛犸、骑士、吸血鬼、坦克、宙斯、雷神、火枪手、治疗师、冰霜巨人、快枪手。
FINISH_SIMULATION_NO_DEFEAT,No terrain no problem!,Finish Simulation campaign without being defeated even once,没有地形也没问题！,一次未败完成「模拟」战役,术语取自游戏内官方简中（萌娘百科词条并列了英文原名）：战役名 介绍/冒险/挑战/王朝/文艺复兴/海盗/亡灵/模拟/狂野西部/遗产/魔幻善/魔幻恶；派系 部落/农民/中世纪/古代/维京/海盗/亡灵/狂野西部/遗产/魔幻善/魔幻恶/隐藏；兵种 棒槌手、投石车、气球弓箭手、死神、火厢车、树巨人、猛犸、骑士、吸血鬼、坦克、宙斯、雷神、火枪手、治疗师、冰霜巨人、快枪手。
FINISH_WILD_WEST_NO_DEFEAT,Cactus Conquest,Finish Wild West campaign without being defeated even once,仙人掌征服者,一次未败完成「狂野西部」战役,术语取自游戏内官方简中（萌娘百科词条并列了英文原名）：战役名 介绍/冒险/挑战/王朝/文艺复兴/海盗/亡灵/模拟/狂野西部/遗产/魔幻善/魔幻恶；派系 部落/农民/中世纪/古代/维京/海盗/亡灵/狂野西部/遗产/魔幻善/魔幻恶/隐藏；兵种 棒槌手、投石车、气球弓箭手、死神、火厢车、树巨人、猛犸、骑士、吸血鬼、坦克、宙斯、雷神、火枪手、治疗师、冰霜巨人、快枪手。
FINISH_LEGACY_NO_DEFEAT,God or General !?,Finish Legacy campaign without being defeated even once,神明还是将军！？,一次未败完成「遗产」战役,术语取自游戏内官方简中（萌娘百科词条并列了英文原名）：战役名 介绍/冒险/挑战/王朝/文艺复兴/海盗/亡灵/模拟/狂野西部/遗产/魔幻善/魔幻恶；派系 部落/农民/中世纪/古代/维京/海盗/亡灵/狂野西部/遗产/魔幻善/魔幻恶/隐藏；兵种 棒槌手、投石车、气球弓箭手、死神、火厢车、树巨人、猛犸、骑士、吸血鬼、坦克、宙斯、雷神、火枪手、治疗师、冰霜巨人、快枪手。
FINISH_FANTASY_GOOD_NO_DEFEAT,The Good is defeated,Finish Fantasy Good campaign without being defeated even once,善者不败,一次未败完成「魔幻善」战役,术语取自游戏内官方简中（萌娘百科词条并列了英文原名）：战役名 介绍/冒险/挑战/王朝/文艺复兴/海盗/亡灵/模拟/狂野西部/遗产/魔幻善/魔幻恶；派系 部落/农民/中世纪/古代/维京/海盗/亡灵/狂野西部/遗产/魔幻善/魔幻恶/隐藏；兵种 棒槌手、投石车、气球弓箭手、死神、火厢车、树巨人、猛犸、骑士、吸血鬼、坦克、宙斯、雷神、火枪手、治疗师、冰霜巨人、快枪手。 原文 The Good is defeated 与成就条件（己方一次未败）语义相左，疑为官方笔误；此处按成就实际条件译作“善者不败”。
FINISH_FANTASY_EVIL_NO_DEFEAT,The Evil is defeated,Finish Fantasy Evil campaign without being defeated even once,恶者不败,一次未败完成「魔幻恶」战役,术语取自游戏内官方简中（萌娘百科词条并列了英文原名）：战役名 介绍/冒险/挑战/王朝/文艺复兴/海盗/亡灵/模拟/狂野西部/遗产/魔幻善/魔幻恶；派系 部落/农民/中世纪/古代/维京/海盗/亡灵/狂野西部/遗产/魔幻善/魔幻恶/隐藏；兵种 棒槌手、投石车、气球弓箭手、死神、火厢车、树巨人、猛犸、骑士、吸血鬼、坦克、宙斯、雷神、火枪手、治疗师、冰霜巨人、快枪手。 同上，原文 The Evil is defeated 与成就条件相左，按实际条件译作“恶者不败”。
FINISH_ALL_NO_DEFEAT,Bad ass Campaigner,Finish all Campaigns without being defeated even once,王牌战役指挥官,一次未败完成所有战役,术语取自游戏内官方简中（萌娘百科词条并列了英文原名）：战役名 介绍/冒险/挑战/王朝/文艺复兴/海盗/亡灵/模拟/狂野西部/遗产/魔幻善/魔幻恶；派系 部落/农民/中世纪/古代/维京/海盗/亡灵/狂野西部/遗产/魔幻善/魔幻恶/隐藏；兵种 棒槌手、投石车、气球弓箭手、死神、火厢车、树巨人、猛犸、骑士、吸血鬼、坦克、宙斯、雷神、火枪手、治疗师、冰霜巨人、快枪手。
QUICKDRAW_KILL_UNIT,You are Billy the Kid?!,Kill 100 units in possession with Quick Draw,你是比利小子吗？！,操控快枪手击杀100名单位,术语取自游戏内官方简中（萌娘百科词条并列了英文原名）：战役名 介绍/冒险/挑战/王朝/文艺复兴/海盗/亡灵/模拟/狂野西部/遗产/魔幻善/魔幻恶；派系 部落/农民/中世纪/古代/维京/海盗/亡灵/狂野西部/遗产/魔幻善/魔幻恶/隐藏；兵种 棒槌手、投石车、气球弓箭手、死神、火厢车、树巨人、猛犸、骑士、吸血鬼、坦克、宙斯、雷神、火枪手、治疗师、冰霜巨人、快枪手。 操控：游戏内对 possession（附身操控兵种）的官方用词，见商店页“兵种操控”。
CATAPULT_KILL_UNIT,Stone away!!!,Kill 10 units with Catapult with one Stone,石头来啦！！！,用投石车的一发石块击杀10名单位,术语取自游戏内官方简中（萌娘百科词条并列了英文原名）：战役名 介绍/冒险/挑战/王朝/文艺复兴/海盗/亡灵/模拟/狂野西部/遗产/魔幻善/魔幻恶；派系 部落/农民/中世纪/古代/维京/海盗/亡灵/狂野西部/遗产/魔幻善/魔幻恶/隐藏；兵种 棒槌手、投石车、气球弓箭手、死神、火厢车、树巨人、猛犸、骑士、吸血鬼、坦克、宙斯、雷神、火枪手、治疗师、冰霜巨人、快枪手。
FLY_UNIT,Make them fly!!,Shoot 100 units and make them fly with Balloon Archer,让他们飞起来！！,用气球弓箭手射中并使100名单位飞起来,术语取自游戏内官方简中（萌娘百科词条并列了英文原名）：战役名 介绍/冒险/挑战/王朝/文艺复兴/海盗/亡灵/模拟/狂野西部/遗产/魔幻善/魔幻恶；派系 部落/农民/中世纪/古代/维京/海盗/亡灵/狂野西部/遗产/魔幻善/魔幻恶/隐藏；兵种 棒槌手、投石车、气球弓箭手、死神、火厢车、树巨人、猛犸、骑士、吸血鬼、坦克、宙斯、雷神、火枪手、治疗师、冰霜巨人、快枪手。
CLUBBER_KILL_UNIT,Baseballer,Kill 20 units with Clubber,棒球手,用棒槌手击杀20名单位,术语取自游戏内官方简中（萌娘百科词条并列了英文原名）：战役名 介绍/冒险/挑战/王朝/文艺复兴/海盗/亡灵/模拟/狂野西部/遗产/魔幻善/魔幻恶；派系 部落/农民/中世纪/古代/维京/海盗/亡灵/狂野西部/遗产/魔幻善/魔幻恶/隐藏；兵种 棒槌手、投石车、气球弓箭手、死神、火厢车、树巨人、猛犸、骑士、吸血鬼、坦克、宙斯、雷神、火枪手、治疗师、冰霜巨人、快枪手。
WIN_SINLGE_REAPER,Reaper Creeper,Pass 20 levels with only one Reaper,死神出没,只用一名死神通过20个关卡,术语取自游戏内官方简中（萌娘百科词条并列了英文原名）：战役名 介绍/冒险/挑战/王朝/文艺复兴/海盗/亡灵/模拟/狂野西部/遗产/魔幻善/魔幻恶；派系 部落/农民/中世纪/古代/维京/海盗/亡灵/狂野西部/遗产/魔幻善/魔幻恶/隐藏；兵种 棒槌手、投石车、气球弓箭手、死神、火厢车、树巨人、猛犸、骑士、吸血鬼、坦克、宙斯、雷神、火枪手、治疗师、冰霜巨人、快枪手。 原文 Reaper Creeper 与 Jeepers Creepers 押韵，中文取“出没”呼应。
HWACHA_KILL_MAMMOTH,Arrows from the cart,Kill 20 Mammoths with Hwacha,车中箭雨,用火厢车击杀20头猛犸,术语取自游戏内官方简中（萌娘百科词条并列了英文原名）：战役名 介绍/冒险/挑战/王朝/文艺复兴/海盗/亡灵/模拟/狂野西部/遗产/魔幻善/魔幻恶；派系 部落/农民/中世纪/古代/维京/海盗/亡灵/狂野西部/遗产/魔幻善/魔幻恶/隐藏；兵种 棒槌手、投石车、气球弓箭手、死神、火厢车、树巨人、猛犸、骑士、吸血鬼、坦克、宙斯、雷神、火枪手、治疗师、冰霜巨人、快枪手。
TREEGIANT_KILL_UNIT,Timbeeeeeer!!!,Kill 10 units with Tree Giant with one stroke,树倒啦！！！,用树巨人的一次挥击击杀10名单位,术语取自游戏内官方简中（萌娘百科词条并列了英文原名）：战役名 介绍/冒险/挑战/王朝/文艺复兴/海盗/亡灵/模拟/狂野西部/遗产/魔幻善/魔幻恶；派系 部落/农民/中世纪/古代/维京/海盗/亡灵/狂野西部/遗产/魔幻善/魔幻恶/隐藏；兵种 棒槌手、投石车、气球弓箭手、死神、火厢车、树巨人、猛犸、骑士、吸血鬼、坦克、宙斯、雷神、火枪手、治疗师、冰霜巨人、快枪手。 原文 Timber! 是伐木工喊的倒树警报。
WIN_NO_DAMAGE_PROGRESSIVE,Catch me if you can!,Win 25 battles without fighting,来抓我呀！,不交战赢下25场战斗,术语取自游戏内官方简中（萌娘百科词条并列了英文原名）：战役名 介绍/冒险/挑战/王朝/文艺复兴/海盗/亡灵/模拟/狂野西部/遗产/魔幻善/魔幻恶；派系 部落/农民/中世纪/古代/维京/海盗/亡灵/狂野西部/遗产/魔幻善/魔幻恶/隐藏；兵种 棒槌手、投石车、气球弓箭手、死神、火厢车、树巨人、猛犸、骑士、吸血鬼、坦克、宙斯、雷神、火枪手、治疗师、冰霜巨人、快枪手。
LOSE_STREAK,HAHAHAHA!!!,Lose at same battle 10 times in a row,哈哈哈哈哈！！！,在同一场战斗里连续失败10次,术语取自游戏内官方简中（萌娘百科词条并列了英文原名）：战役名 介绍/冒险/挑战/王朝/文艺复兴/海盗/亡灵/模拟/狂野西部/遗产/魔幻善/魔幻恶；派系 部落/农民/中世纪/古代/维京/海盗/亡灵/狂野西部/遗产/魔幻善/魔幻恶/隐藏；兵种 棒槌手、投石车、气球弓箭手、死神、火厢车、树巨人、猛犸、骑士、吸血鬼、坦克、宙斯、雷神、火枪手、治疗师、冰霜巨人、快枪手。
WIN_SINLGE_UNIT,Lone Ranger,Win 10 Battles with only one unit,孤胆游侠,只用一名单位赢下10场战斗,术语取自游戏内官方简中（萌娘百科词条并列了英文原名）：战役名 介绍/冒险/挑战/王朝/文艺复兴/海盗/亡灵/模拟/狂野西部/遗产/魔幻善/魔幻恶；派系 部落/农民/中世纪/古代/维京/海盗/亡灵/狂野西部/遗产/魔幻善/魔幻恶/隐藏；兵种 棒槌手、投石车、气球弓箭手、死神、火厢车、树巨人、猛犸、骑士、吸血鬼、坦克、宙斯、雷神、火枪手、治疗师、冰霜巨人、快枪手。
KNIGHT_KILL_VAMPIRE,Castlevanic!,Kill 100 vampires while possesing a Knight unit,恶魔城狂热！,在操控骑士单位时击杀100名吸血鬼,术语取自游戏内官方简中（萌娘百科词条并列了英文原名）：战役名 介绍/冒险/挑战/王朝/文艺复兴/海盗/亡灵/模拟/狂野西部/遗产/魔幻善/魔幻恶；派系 部落/农民/中世纪/古代/维京/海盗/亡灵/狂野西部/遗产/魔幻善/魔幻恶/隐藏；兵种 棒槌手、投石车、气球弓箭手、死神、火厢车、树巨人、猛犸、骑士、吸血鬼、坦克、宙斯、雷神、火枪手、治疗师、冰霜巨人、快枪手。 原文 Castlevanic 出自《恶魔城 Castlevania》。操控：游戏内对 possession（附身操控兵种）的官方用词，见商店页“兵种操控”。
WIN_TANK,Tank you,Win a campaign battle in less than 10 second with a single tank,多谢坦克,用一辆坦克在10秒内赢下一场战役战斗,术语取自游戏内官方简中（萌娘百科词条并列了英文原名）：战役名 介绍/冒险/挑战/王朝/文艺复兴/海盗/亡灵/模拟/狂野西部/遗产/魔幻善/魔幻恶；派系 部落/农民/中世纪/古代/维京/海盗/亡灵/狂野西部/遗产/魔幻善/魔幻恶/隐藏；兵种 棒槌手、投石车、气球弓箭手、死神、火厢车、树巨人、猛犸、骑士、吸血鬼、坦克、宙斯、雷神、火枪手、治疗师、冰霜巨人、快枪手。 原文 Tank you 谐音 Thank you，中文无法兼顾，取“多谢坦克”。
TWISTED_TWISTER,Twisted twister,Make a Tornado with combining units from Secret faction,扭曲的龙卷风,用隐藏派系的单位组合出龙卷风,术语取自游戏内官方简中（萌娘百科词条并列了英文原名）：战役名 介绍/冒险/挑战/王朝/文艺复兴/海盗/亡灵/模拟/狂野西部/遗产/魔幻善/魔幻恶；派系 部落/农民/中世纪/古代/维京/海盗/亡灵/狂野西部/遗产/魔幻善/魔幻恶/隐藏；兵种 棒槌手、投石车、气球弓箭手、死神、火厢车、树巨人、猛犸、骑士、吸血鬼、坦克、宙斯、雷神、火枪手、治疗师、冰霜巨人、快枪手。
WIN_NO_DAMAGE,Peacemaker,Finish a level without doing any damage,和平使者,不造成任何伤害完成一个关卡,术语取自游戏内官方简中（萌娘百科词条并列了英文原名）：战役名 介绍/冒险/挑战/王朝/文艺复兴/海盗/亡灵/模拟/狂野西部/遗产/魔幻善/魔幻恶；派系 部落/农民/中世纪/古代/维京/海盗/亡灵/狂野西部/遗产/魔幻善/魔幻恶/隐藏；兵种 棒槌手、投石车、气球弓箭手、死神、火厢车、树巨人、猛犸、骑士、吸血鬼、坦克、宙斯、雷神、火枪手、治疗师、冰霜巨人、快枪手。
KILL_GODS,Superior God,Kill Zeus with Thor (or vice versa),神上之神,用雷神击杀宙斯（或反过来）,术语取自游戏内官方简中（萌娘百科词条并列了英文原名）：战役名 介绍/冒险/挑战/王朝/文艺复兴/海盗/亡灵/模拟/狂野西部/遗产/魔幻善/魔幻恶；派系 部落/农民/中世纪/古代/维京/海盗/亡灵/狂野西部/遗产/魔幻善/魔幻恶/隐藏；兵种 棒槌手、投石车、气球弓箭手、死神、火厢车、树巨人、猛犸、骑士、吸血鬼、坦克、宙斯、雷神、火枪手、治疗师、冰霜巨人、快枪手。
WIN_CLERGY,Clergy,Finish a level with 10+ Healers,神职人员,带着10名以上治疗师完成一个关卡,术语取自游戏内官方简中（萌娘百科词条并列了英文原名）：战役名 介绍/冒险/挑战/王朝/文艺复兴/海盗/亡灵/模拟/狂野西部/遗产/魔幻善/魔幻恶；派系 部落/农民/中世纪/古代/维京/海盗/亡灵/狂野西部/遗产/魔幻善/魔幻恶/隐藏；兵种 棒槌手、投石车、气球弓箭手、死神、火厢车、树巨人、猛犸、骑士、吸血鬼、坦克、宙斯、雷神、火枪手、治疗师、冰霜巨人、快枪手。
WIN_EQUAL_ARMIES,Mirror match,Win a level with the same army as your opponent,镜像对决,用与对手相同的军队赢下一个关卡,术语取自游戏内官方简中（萌娘百科词条并列了英文原名）：战役名 介绍/冒险/挑战/王朝/文艺复兴/海盗/亡灵/模拟/狂野西部/遗产/魔幻善/魔幻恶；派系 部落/农民/中世纪/古代/维京/海盗/亡灵/狂野西部/遗产/魔幻善/魔幻恶/隐藏；兵种 棒槌手、投石车、气球弓箭手、死神、火厢车、树巨人、猛犸、骑士、吸血鬼、坦克、宙斯、雷神、火枪手、治疗师、冰霜巨人、快枪手。
FINISH_NO_POSSESS,Tactician,Beat a campaign without possessing a unit,战术家,不操控任何单位通关一个战役,术语取自游戏内官方简中（萌娘百科词条并列了英文原名）：战役名 介绍/冒险/挑战/王朝/文艺复兴/海盗/亡灵/模拟/狂野西部/遗产/魔幻善/魔幻恶；派系 部落/农民/中世纪/古代/维京/海盗/亡灵/狂野西部/遗产/魔幻善/魔幻恶/隐藏；兵种 棒槌手、投石车、气球弓箭手、死神、火厢车、树巨人、猛犸、骑士、吸血鬼、坦克、宙斯、雷神、火枪手、治疗师、冰霜巨人、快枪手。 操控：游戏内对 possession（附身操控兵种）的官方用词，见商店页“兵种操控”。
WIN_ALL_TRIBAL,Tribal Trial,Win a battle with each tribal unit,部落试炼,用每一种部落兵种赢下一场战斗,术语取自游戏内官方简中（萌娘百科词条并列了英文原名）：战役名 介绍/冒险/挑战/王朝/文艺复兴/海盗/亡灵/模拟/狂野西部/遗产/魔幻善/魔幻恶；派系 部落/农民/中世纪/古代/维京/海盗/亡灵/狂野西部/遗产/魔幻善/魔幻恶/隐藏；兵种 棒槌手、投石车、气球弓箭手、死神、火厢车、树巨人、猛犸、骑士、吸血鬼、坦克、宙斯、雷神、火枪手、治疗师、冰霜巨人、快枪手。
WIN_ALL_FARMER,Funky Farmer,Win a battle with each farmer unit,时髦农夫,用每一种农民兵种赢下一场战斗,术语取自游戏内官方简中（萌娘百科词条并列了英文原名）：战役名 介绍/冒险/挑战/王朝/文艺复兴/海盗/亡灵/模拟/狂野西部/遗产/魔幻善/魔幻恶；派系 部落/农民/中世纪/古代/维京/海盗/亡灵/狂野西部/遗产/魔幻善/魔幻恶/隐藏；兵种 棒槌手、投石车、气球弓箭手、死神、火厢车、树巨人、猛犸、骑士、吸血鬼、坦克、宙斯、雷神、火枪手、治疗师、冰霜巨人、快枪手。
WIN_ALL_MEDIEVAL,Madly Medieval ,Win a battle with each medieval unit,疯狂中世纪,用每一种中世纪兵种赢下一场战斗,术语取自游戏内官方简中（萌娘百科词条并列了英文原名）：战役名 介绍/冒险/挑战/王朝/文艺复兴/海盗/亡灵/模拟/狂野西部/遗产/魔幻善/魔幻恶；派系 部落/农民/中世纪/古代/维京/海盗/亡灵/狂野西部/遗产/魔幻善/魔幻恶/隐藏；兵种 棒槌手、投石车、气球弓箭手、死神、火厢车、树巨人、猛犸、骑士、吸血鬼、坦克、宙斯、雷神、火枪手、治疗师、冰霜巨人、快枪手。
WIN_ALL_ANCIENT,Ancient Aspiration,Win a battle with each ancient unit,远古之志,用每一种古代兵种赢下一场战斗,术语取自游戏内官方简中（萌娘百科词条并列了英文原名）：战役名 介绍/冒险/挑战/王朝/文艺复兴/海盗/亡灵/模拟/狂野西部/遗产/魔幻善/魔幻恶；派系 部落/农民/中世纪/古代/维京/海盗/亡灵/狂野西部/遗产/魔幻善/魔幻恶/隐藏；兵种 棒槌手、投石车、气球弓箭手、死神、火厢车、树巨人、猛犸、骑士、吸血鬼、坦克、宙斯、雷神、火枪手、治疗师、冰霜巨人、快枪手。
WIN_ALL_VIKING,Viking Valor,Win a battle with each viking unit,维京雄风,用每一种维京兵种赢下一场战斗,术语取自游戏内官方简中（萌娘百科词条并列了英文原名）：战役名 介绍/冒险/挑战/王朝/文艺复兴/海盗/亡灵/模拟/狂野西部/遗产/魔幻善/魔幻恶；派系 部落/农民/中世纪/古代/维京/海盗/亡灵/狂野西部/遗产/魔幻善/魔幻恶/隐藏；兵种 棒槌手、投石车、气球弓箭手、死神、火厢车、树巨人、猛犸、骑士、吸血鬼、坦克、宙斯、雷神、火枪手、治疗师、冰霜巨人、快枪手。
WIN_ALL_PIRATE,Peculiar Pirate,Win a battle with each pirate unit,古怪海盗,用每一种海盗兵种赢下一场战斗,术语取自游戏内官方简中（萌娘百科词条并列了英文原名）：战役名 介绍/冒险/挑战/王朝/文艺复兴/海盗/亡灵/模拟/狂野西部/遗产/魔幻善/魔幻恶；派系 部落/农民/中世纪/古代/维京/海盗/亡灵/狂野西部/遗产/魔幻善/魔幻恶/隐藏；兵种 棒槌手、投石车、气球弓箭手、死神、火厢车、树巨人、猛犸、骑士、吸血鬼、坦克、宙斯、雷神、火枪手、治疗师、冰霜巨人、快枪手。
WIN_ALL_RENAISSANCE,Renaissance Ranger,Win a battle with each renaissance unit,文艺复兴游侠,用每一种文艺复兴兵种赢下一场战斗,术语取自游戏内官方简中（萌娘百科词条并列了英文原名）：战役名 介绍/冒险/挑战/王朝/文艺复兴/海盗/亡灵/模拟/狂野西部/遗产/魔幻善/魔幻恶；派系 部落/农民/中世纪/古代/维京/海盗/亡灵/狂野西部/遗产/魔幻善/魔幻恶/隐藏；兵种 棒槌手、投石车、气球弓箭手、死神、火厢车、树巨人、猛犸、骑士、吸血鬼、坦克、宙斯、雷神、火枪手、治疗师、冰霜巨人、快枪手。
WIN_ALL_SPOOKY,Spooky Scary Skeletons,Win a battle with each spooky unit,吓人的骷髅,用每一种亡灵兵种赢下一场战斗,术语取自游戏内官方简中（萌娘百科词条并列了英文原名）：战役名 介绍/冒险/挑战/王朝/文艺复兴/海盗/亡灵/模拟/狂野西部/遗产/魔幻善/魔幻恶；派系 部落/农民/中世纪/古代/维京/海盗/亡灵/狂野西部/遗产/魔幻善/魔幻恶/隐藏；兵种 棒槌手、投石车、气球弓箭手、死神、火厢车、树巨人、猛犸、骑士、吸血鬼、坦克、宙斯、雷神、火枪手、治疗师、冰霜巨人、快枪手。 原文 Spooky Scary Skeletons 是同名梗曲。
WIN_ALL_WILDWEST,Wildly Western,Win a battle with each wild west unit,狂野西部范儿,用每一种狂野西部兵种赢下一场战斗,术语取自游戏内官方简中（萌娘百科词条并列了英文原名）：战役名 介绍/冒险/挑战/王朝/文艺复兴/海盗/亡灵/模拟/狂野西部/遗产/魔幻善/魔幻恶；派系 部落/农民/中世纪/古代/维京/海盗/亡灵/狂野西部/遗产/魔幻善/魔幻恶/隐藏；兵种 棒槌手、投石车、气球弓箭手、死神、火厢车、树巨人、猛犸、骑士、吸血鬼、坦克、宙斯、雷神、火枪手、治疗师、冰霜巨人、快枪手。
WIN_ALL_LEGACY,Lasting Legacy,Win a battle with each legacy unit,不朽遗产,用每一种遗产兵种赢下一场战斗,术语取自游戏内官方简中（萌娘百科词条并列了英文原名）：战役名 介绍/冒险/挑战/王朝/文艺复兴/海盗/亡灵/模拟/狂野西部/遗产/魔幻善/魔幻恶；派系 部落/农民/中世纪/古代/维京/海盗/亡灵/狂野西部/遗产/魔幻善/魔幻恶/隐藏；兵种 棒槌手、投石车、气球弓箭手、死神、火厢车、树巨人、猛犸、骑士、吸血鬼、坦克、宙斯、雷神、火枪手、治疗师、冰霜巨人、快枪手。
WIN_ALL_FANTASY_GOOD,Honorary Angel,Win a battle with each fantasy good unit,荣誉天使,用每一种魔幻善兵种赢下一场战斗,术语取自游戏内官方简中（萌娘百科词条并列了英文原名）：战役名 介绍/冒险/挑战/王朝/文艺复兴/海盗/亡灵/模拟/狂野西部/遗产/魔幻善/魔幻恶；派系 部落/农民/中世纪/古代/维京/海盗/亡灵/狂野西部/遗产/魔幻善/魔幻恶/隐藏；兵种 棒槌手、投石车、气球弓箭手、死神、火厢车、树巨人、猛犸、骑士、吸血鬼、坦克、宙斯、雷神、火枪手、治疗师、冰霜巨人、快枪手。
WIN_ALL_FANTASY_EVIL,Evil spelled backwards,Win a battle with each fantasy evil unit,倒着拼的邪恶,用每一种魔幻恶兵种赢下一场战斗,术语取自游戏内官方简中（萌娘百科词条并列了英文原名）：战役名 介绍/冒险/挑战/王朝/文艺复兴/海盗/亡灵/模拟/狂野西部/遗产/魔幻善/魔幻恶；派系 部落/农民/中世纪/古代/维京/海盗/亡灵/狂野西部/遗产/魔幻善/魔幻恶/隐藏；兵种 棒槌手、投石车、气球弓箭手、死神、火厢车、树巨人、猛犸、骑士、吸血鬼、坦克、宙斯、雷神、火枪手、治疗师、冰霜巨人、快枪手。 原文 Evil spelled backwards 暗指 evil 倒拼为 live，中文无法兼顾。
WIN_ALL_SECRET,Secret Shenanigans,Win a battle with each secret unit,隐藏的把戏,用每一种隐藏兵种赢下一场战斗,术语取自游戏内官方简中（萌娘百科词条并列了英文原名）：战役名 介绍/冒险/挑战/王朝/文艺复兴/海盗/亡灵/模拟/狂野西部/遗产/魔幻善/魔幻恶；派系 部落/农民/中世纪/古代/维京/海盗/亡灵/狂野西部/遗产/魔幻善/魔幻恶/隐藏；兵种 棒槌手、投石车、气球弓箭手、死神、火厢车、树巨人、猛犸、骑士、吸血鬼、坦克、宙斯、雷神、火枪手、治疗师、冰霜巨人、快枪手。
FLY_MAMMOTH,Fly Dumbo!!,Shoot a Mammoth with Baloon Archers and make him fly,飞吧，小飞象！！,用气球弓箭手射中猛犸并让它飞起来,术语取自游戏内官方简中（萌娘百科词条并列了英文原名）：战役名 介绍/冒险/挑战/王朝/文艺复兴/海盗/亡灵/模拟/狂野西部/遗产/魔幻善/魔幻恶；派系 部落/农民/中世纪/古代/维京/海盗/亡灵/狂野西部/遗产/魔幻善/魔幻恶/隐藏；兵种 棒槌手、投石车、气球弓箭手、死神、火厢车、树巨人、猛犸、骑士、吸血鬼、坦克、宙斯、雷神、火枪手、治疗师、冰霜巨人、快枪手。 Dumbo 即迪士尼《小飞象》。
WIN_HALF_BUDGET,Accountant,Win a level with only half of the gold given or less,会计师,只用给定金币的一半或更少赢下一个关卡,术语取自游戏内官方简中（萌娘百科词条并列了英文原名）：战役名 介绍/冒险/挑战/王朝/文艺复兴/海盗/亡灵/模拟/狂野西部/遗产/魔幻善/魔幻恶；派系 部落/农民/中世纪/古代/维京/海盗/亡灵/狂野西部/遗产/魔幻善/魔幻恶/隐藏；兵种 棒槌手、投石车、气球弓箭手、死神、火厢车、树巨人、猛犸、骑士、吸血鬼、坦克、宙斯、雷神、火枪手、治疗师、冰霜巨人、快枪手。
FREEZE_ICE_GIANT,Ice to meet you,Freeze an ice giant to death,冰“冻”幸会,冻死一个冰霜巨人,术语取自游戏内官方简中（萌娘百科词条并列了英文原名）：战役名 介绍/冒险/挑战/王朝/文艺复兴/海盗/亡灵/模拟/狂野西部/遗产/魔幻善/魔幻恶；派系 部落/农民/中世纪/古代/维京/海盗/亡灵/狂野西部/遗产/魔幻善/魔幻恶/隐藏；兵种 棒槌手、投石车、气球弓箭手、死神、火厢车、树巨人、猛犸、骑士、吸血鬼、坦克、宙斯、雷神、火枪手、治疗师、冰霜巨人、快枪手。 原文 Ice to meet you 谐音 Nice to meet you，中文借“幸会”配“冻”字保留谐音感。
ZEUS_KILL_UNITS,Zip Zap!,Kill 20 units with Zeus in one set of attack,噼里啪啦！,用宙斯在一次攻击中击杀20名单位,术语取自游戏内官方简中（萌娘百科词条并列了英文原名）：战役名 介绍/冒险/挑战/王朝/文艺复兴/海盗/亡灵/模拟/狂野西部/遗产/魔幻善/魔幻恶；派系 部落/农民/中世纪/古代/维京/海盗/亡灵/狂野西部/遗产/魔幻善/魔幻恶/隐藏；兵种 棒槌手、投石车、气球弓箭手、死神、火厢车、树巨人、猛犸、骑士、吸血鬼、坦克、宙斯、雷神、火枪手、治疗师、冰霜巨人、快枪手。
WIN_SINGLE_MUSKETEER,Master Musketeer ,Win 20 campaign battles with a single musketeer,火枪大师,只用一名火枪手赢下20场战役战斗,术语取自游戏内官方简中（萌娘百科词条并列了英文原名）：战役名 介绍/冒险/挑战/王朝/文艺复兴/海盗/亡灵/模拟/狂野西部/遗产/魔幻善/魔幻恶；派系 部落/农民/中世纪/古代/维京/海盗/亡灵/狂野西部/遗产/魔幻善/魔幻恶/隐藏；兵种 棒槌手、投石车、气球弓箭手、死神、火厢车、树巨人、猛犸、骑士、吸血鬼、坦克、宙斯、雷神、火枪手、治疗师、冰霜巨人、快枪手。
